-- phpMyAdmin SQL Dump
-- version 4.8.3
-- https://www.phpmyadmin.net/
--
-- Hôte : 127.0.0.1:3306
-- Généré le :  mer. 06 mai 2020 à 13:38
-- Version du serveur :  5.7.23
-- Version de PHP :  7.2.10

SET SQL_MODE = "NO_AUTO_VALUE_ON_ZERO";
SET AUTOCOMMIT = 0;
START TRANSACTION;
SET time_zone = "+00:00";


/*!40101 SET @OLD_CHARACTER_SET_CLIENT=@@CHARACTER_SET_CLIENT */;
/*!40101 SET @OLD_CHARACTER_SET_RESULTS=@@CHARACTER_SET_RESULTS */;
/*!40101 SET @OLD_COLLATION_CONNECTION=@@COLLATION_CONNECTION */;
/*!40101 SET NAMES utf8mb4 */;

--
-- Base de données :  `writer_blog`
--

-- --------------------------------------------------------

--
-- Structure de la table `comments`
--

DROP TABLE IF EXISTS `comments`;
CREATE TABLE IF NOT EXISTS `comments` (
  `comment_id` int(11) NOT NULL AUTO_INCREMENT,
  `comment_author` varchar(20) COLLATE utf8_bin NOT NULL,
  `comment_creation_date` datetime NOT NULL DEFAULT CURRENT_TIMESTAMP,
  `comment_content` text COLLATE utf8_bin NOT NULL,
  `comment_checked` tinyint(1) NOT NULL DEFAULT '0',
  `comment_reported` tinyint(1) NOT NULL DEFAULT '0',
  `episode_id` int(11) NOT NULL,
  PRIMARY KEY (`comment_id`) USING BTREE,
  KEY `episode_id` (`episode_id`)
) ENGINE=InnoDB AUTO_INCREMENT=313 DEFAULT CHARSET=utf8 COLLATE=utf8_bin;

--
-- Déchargement des données de la table `comments`
--

INSERT INTO `comments` (`comment_id`, `comment_author`, `comment_creation_date`, `comment_content`, `comment_checked`, `comment_reported`, `episode_id`) VALUES
(283, 'Quentin', '2020-04-19 18:49:47', 'Bon ça marche maintenant ?', 0, 0, 36),
(284, 'Quentin', '2020-04-19 18:50:46', 'Coucou', 1, 0, 36),
(285, 'Quentin', '2020-04-19 18:52:47', 'ok cool', 0, 0, 38),
(286, 'Gaby', '2020-04-19 18:54:26', 'C\'est trop bien !', 1, 0, 38),
(287, 'Jean Forteroche', '2020-04-19 18:55:09', 'C\'est vraiment le meilleur épisode, selon moi.', 0, 0, 49),
(299, 'azerty', '2020-04-24 16:40:04', 'oh c\'est pas mal', 0, 0, 38),
(301, 'azerty', '2020-04-26 16:20:26', 'ah c\'est bien', 1, 0, 49),
(302, 'azerty', '2020-04-27 12:45:06', 'nfiogoigriogrjiojgriojg vidn, ivoi j o iojiojdiojd  jeoijoij oeojoi joidjj j iojio j i ojdoi jojdiojfoj io jdijfiojf oj f', 0, 0, 49),
(304, 'undefined', '2020-04-30 15:58:23', 'jijijiji', 0, 1, 49),
(305, 'aaaa', '2020-04-30 16:05:54', 'je suis aaaa', 0, 0, 49),
(306, 'aaaa', '2020-04-30 16:07:31', 'oui, aaaa', 0, 0, 49),
(307, 'aaaa', '2020-04-30 16:11:52', 'non je plaisante', 0, 0, 49),
(308, 'aaaa', '2020-04-30 16:12:25', 'coucou Jean', 0, 0, 49),
(309, 'aaaa', '2020-04-30 16:12:44', 'c\'est embêtant ?', 0, 0, 49),
(310, 'ojoj', '2020-05-01 11:45:27', 'ojoj', 0, 0, 49),
(311, 'Jean Forteroche', '2020-05-02 14:42:32', 'C\'est vraiment très bien. Continuez à lire !', 0, 0, 49),
(312, 'Jean Forteroche', '2020-05-04 15:00:58', 'Vous saviez tout ça ? J\'ai mis du temps à réunir ces informations et à les ordonner. Je voulais les présenter le plus agréablement possible.', 0, 0, 49);

-- --------------------------------------------------------

--
-- Structure de la table `episodes`
--

DROP TABLE IF EXISTS `episodes`;
CREATE TABLE IF NOT EXISTS `episodes` (
  `episode_id` int(11) NOT NULL AUTO_INCREMENT,
  `episode_number` int(11) NOT NULL,
  `episode_author` varchar(20) COLLATE utf8_bin NOT NULL DEFAULT 'Jean Forteroche',
  `episode_publication_date` datetime NOT NULL,
  `episode_title` varchar(100) COLLATE utf8_bin NOT NULL,
  `episode_content` text COLLATE utf8_bin NOT NULL,
  PRIMARY KEY (`episode_id`) USING BTREE
) ENGINE=InnoDB AUTO_INCREMENT=52 DEFAULT CHARSET=utf8 COLLATE=utf8_bin;

--
-- Déchargement des données de la table `episodes`
--

INSERT INTO `episodes` (`episode_id`, `episode_number`, `episode_author`, `episode_publication_date`, `episode_title`, `episode_content`) VALUES
(36, 1, 'Jean Forteroche', '2020-01-25 19:00:00', 'L\'Alaska', '<p>L&rsquo;<strong>Alaska</strong> est le <a title=\"&Eacute;tats des &Eacute;tats-Unis\" href=\"https://fr.wikipedia.org/wiki/%C3%89tats_des_%C3%89tats-Unis\"><abbr class=\"abbr\" title=\"Quarante-neuvi&egrave;me\">49<sup>e</sup></abbr> &Eacute;tat</a> des <a title=\"&Eacute;tats-Unis\" href=\"https://fr.wikipedia.org/wiki/%C3%89tats-Unis\">&Eacute;tats-Unis</a>, dont la capitale est <a title=\"Juneau\" href=\"https://fr.wikipedia.org/wiki/Juneau\">Juneau</a> et la plus grande ville <a title=\"Anchorage\" href=\"https://fr.wikipedia.org/wiki/Anchorage\">Anchorage</a>, o&ugrave; habite environ 40&nbsp;% de la population de l\'&Eacute;tat. Avec une superficie totale de 1&nbsp;717&nbsp;854&nbsp;<abbr class=\"abbr\" title=\"kilom&egrave;tre carr&eacute;\">km<sup>2</sup></abbr>, il est l\'&Eacute;tat le plus &eacute;tendu et le plus septentrional du pays, mais l\'un des moins peupl&eacute;s, ne comptant que 737&nbsp;438&nbsp;habitants en 2018<sup id=\"cite_ref-res10_1-1\" class=\"reference\"><a href=\"https://fr.wikipedia.org/wiki/Alaska#cite_note-res10-1\">1</a></sup>.</p>\r\n<p>Comme <a title=\"Hawa&iuml;\" href=\"https://fr.wikipedia.org/wiki/Hawa%C3%AF\">Hawa&iuml;</a>, l\'Alaska est s&eacute;par&eacute; du <a title=\"&Eacute;tats-Unis contigus\" href=\"https://fr.wikipedia.org/wiki/%C3%89tats-Unis_contigus\">Mainland</a> et se situe au nord-ouest du <a title=\"Canada\" href=\"https://fr.wikipedia.org/wiki/Canada\">Canada</a>. Bord&eacute; par l\'<a title=\"Oc&eacute;an Arctique\" href=\"https://fr.wikipedia.org/wiki/Oc%C3%A9an_Arctique\">oc&eacute;an Arctique</a> au nord et la <a title=\"Mer de B&eacute;ring\" href=\"https://fr.wikipedia.org/wiki/Mer_de_B%C3%A9ring\">mer de B&eacute;ring</a> et l\'<a title=\"Oc&eacute;an Pacifique\" href=\"https://fr.wikipedia.org/wiki/Oc%C3%A9an_Pacifique\">oc&eacute;an Pacifique</a> au sud, ce territoire est s&eacute;par&eacute; de l\'<a title=\"Asie\" href=\"https://fr.wikipedia.org/wiki/Asie\">Asie</a> par le <a title=\"D&eacute;troit de B&eacute;ring\" href=\"https://fr.wikipedia.org/wiki/D%C3%A9troit_de_B%C3%A9ring\">d&eacute;troit de B&eacute;ring</a>. En outre, ses divisions administratives ne sont pas des <a title=\"Comt&eacute; des &Eacute;tats-Unis\" href=\"https://fr.wikipedia.org/wiki/Comt%C3%A9_des_%C3%89tats-Unis\">comt&eacute;s</a> mais des <em><a title=\"Subdivisions de l\'&Eacute;tat de l\'Alaska\" href=\"https://fr.wikipedia.org/wiki/Subdivisions_de_l%27%C3%89tat_de_l%27Alaska\">boroughs</a></em>.</p>\r\n<p>Alaska signifie <q class=\"citation\">grande Terre</q> ou <q class=\"citation\">continent</q> en <a title=\"Al&eacute;oute\" href=\"https://fr.wikipedia.org/wiki/Al%C3%A9oute\">al&eacute;oute</a><sup id=\"cite_ref-3\" class=\"reference\"><a href=\"https://fr.wikipedia.org/wiki/Alaska#cite_note-3\">3</a></sup>. Cette r&eacute;gion, que l\'on appelait au <abbr class=\"abbr\" title=\"19ᵉ si&egrave;cle\"><span class=\"romain\">XIX</span><sup style=\"font-size: 72%;\">e</sup></abbr>&nbsp;si&egrave;cle l\'<q class=\"citation\"><a title=\"Colonisation russe de l\'Am&eacute;rique\" href=\"https://fr.wikipedia.org/wiki/Colonisation_russe_de_l%27Am%C3%A9rique\">Am&eacute;rique russe</a></q>, tire son nom d\'une longue presqu\'&icirc;le, au nord-ouest du <a title=\"Am&eacute;rique\" href=\"https://fr.wikipedia.org/wiki/Am%C3%A9rique\">continent am&eacute;ricain</a>, &agrave; environ 1&nbsp;000&nbsp;kilom&egrave;tres au sud du d&eacute;troit de Bering, et qui se lie, vers le sud, aux <a title=\"&Icirc;les Al&eacute;outiennes\" href=\"https://fr.wikipedia.org/wiki/%C3%8Eles_Al%C3%A9outiennes\">&icirc;les Al&eacute;outiennes</a>. Le surnom de l\'Alaska est <q class=\"citation\">la derni&egrave;re fronti&egrave;re</q> ou <q class=\"citation\">la terre du soleil de minuit</q>.</p>\r\n<p>Peupl&eacute; par des <a title=\"Al&eacute;outes\" href=\"https://fr.wikipedia.org/wiki/Al%C3%A9outes\">Al&eacute;outes</a>, <a title=\"Esquimaux\" href=\"https://fr.wikipedia.org/wiki/Esquimaux\">Esquimaux</a> (notamment <a title=\"I&ntilde;upiat\" href=\"https://fr.wikipedia.org/wiki/I%C3%B1upiat\">I&ntilde;upiak</a> et <a title=\"Yupiks\" href=\"https://fr.wikipedia.org/wiki/Yupiks\">Yupiks</a>) et peut-&ecirc;tre d\'autres <a title=\"Am&eacute;rindiens aux &Eacute;tats-Unis\" href=\"https://fr.wikipedia.org/wiki/Am%C3%A9rindiens_aux_%C3%89tats-Unis\">Am&eacute;rindiens</a> depuis plusieurs mill&eacute;naires, le territoire est colonis&eacute; par des <a title=\"Trappeur\" href=\"https://fr.wikipedia.org/wiki/Trappeur\">trappeurs</a> russes &agrave; la fin du <a title=\"XVIIIe si&egrave;cle\" href=\"https://fr.wikipedia.org/wiki/XVIIIe_si%C3%A8cle\"><abbr class=\"abbr\" title=\"18ᵉ si&egrave;cle\"><span class=\"romain\">XVIII</span><sup style=\"font-size: 72%;\">e</sup></abbr>&nbsp;si&egrave;cle</a>. L\'Alaska vit alors essentiellement du commerce du bois et de la <a title=\"Traite des fourrures\" href=\"https://fr.wikipedia.org/wiki/Traite_des_fourrures\">traite des fourrures</a>. Le <time class=\"nowrap date-lien\" datetime=\"1867-03-30\" data-sort-value=\"1867-03-30\"><a title=\"30 mars\" href=\"https://fr.wikipedia.org/wiki/30_mars\">30</a> <a title=\"Mars 1867\" href=\"https://fr.wikipedia.org/wiki/Mars_1867\">mars</a> <a title=\"1867\" href=\"https://fr.wikipedia.org/wiki/1867\">1867</a></time>, <a title=\"Achat de l\'Alaska\" href=\"https://fr.wikipedia.org/wiki/Achat_de_l%27Alaska\">les &Eacute;tats-Unis l\'ach&egrave;tent &agrave; la Russie</a> pour la somme de 7,2&nbsp;millions de dollars (environ 120&nbsp;millions de dollars actuels), et celui-ci adh&egrave;re &agrave; l\'Union le <time class=\"nowrap\" datetime=\"1959-01-03\" data-sort-value=\"1959-01-03\">3 janvier 1959</time>. Les domaines &eacute;conomiques pr&eacute;dominants aujourd\'hui sont la p&ecirc;che, le tourisme, et surtout la production d\'<a title=\"Hydrocarbure\" href=\"https://fr.wikipedia.org/wiki/Hydrocarbure\">hydrocarbures</a> (<a title=\"P&eacute;trole\" href=\"https://fr.wikipedia.org/wiki/P%C3%A9trole\">p&eacute;trole</a>, <a title=\"Gaz\" href=\"https://fr.wikipedia.org/wiki/Gaz\">gaz</a>) depuis la d&eacute;couverte de gisements &agrave; <a title=\"Prudhoe Bay\" href=\"https://fr.wikipedia.org/wiki/Prudhoe_Bay\">Prudhoe Bay</a> dans les <a title=\"Ann&eacute;es 1970\" href=\"https://fr.wikipedia.org/wiki/Ann%C3%A9es_1970\">ann&eacute;es 1970</a>.</p>\r\n<p>Le <a title=\"Denali\" href=\"https://fr.wikipedia.org/wiki/Denali\">Denali</a> (6&nbsp;190&nbsp;m&egrave;tres d\'altitude), <a title=\"Liste des pays par point culminant\" href=\"https://fr.wikipedia.org/wiki/Liste_des_pays_par_point_culminant\">point culminant des &Eacute;tats-Unis</a>, se trouve dans la <a title=\"Cha&icirc;ne d\'Alaska\" href=\"https://fr.wikipedia.org/wiki/Cha%C3%AEne_d%27Alaska\">cha&icirc;ne d\'Alaska</a> et constitue le c&oelig;ur du <a title=\"Parc national et r&eacute;serve de Denali\" href=\"https://fr.wikipedia.org/wiki/Parc_national_et_r%C3%A9serve_de_Denali\">Parc national de Denali</a>.</p>\r\n<p>Le climat y est de type <a title=\"Climat polaire\" href=\"https://fr.wikipedia.org/wiki/Climat_polaire\">polaire</a>, et la faune caract&eacute;ristique des milieux froids (<a title=\"Grizzli\" href=\"https://fr.wikipedia.org/wiki/Grizzli\">grizzli</a>, <a title=\"Rangifer tarandus\" href=\"https://fr.wikipedia.org/wiki/Rangifer_tarandus\">caribou</a>, <a title=\"Alces americanus\" href=\"https://fr.wikipedia.org/wiki/Alces_americanus\">orignal</a>, <a title=\"Ours blanc\" href=\"https://fr.wikipedia.org/wiki/Ours_blanc\">ours blanc</a>).</p>\r\n<p>Les territoires limitrophes sont le <a title=\"Yukon\" href=\"https://fr.wikipedia.org/wiki/Yukon\">territoire du Yukon</a> et la <a title=\"Colombie-Britannique\" href=\"https://fr.wikipedia.org/wiki/Colombie-Britannique\">province de Colombie-Britannique</a> au Canada. Le <a title=\"Kra&iuml; du Kamtchatka\" href=\"https://fr.wikipedia.org/wiki/Kra%C3%AF_du_Kamtchatka\">Kra&iuml; du Kamtchatka</a> et le <a title=\"Tchoukotka\" href=\"https://fr.wikipedia.org/wiki/Tchoukotka\">district autonome de Tchoukotka</a> en Russie se trouvent &agrave; quelques dizaines de kilom&egrave;tres, de l\'autre c&ocirc;t&eacute; du d&eacute;troit de Bering.</p>\r\n<p>Bastion du <a title=\"Parti r&eacute;publicain (&Eacute;tats-Unis)\" href=\"https://fr.wikipedia.org/wiki/Parti_r%C3%A9publicain_(%C3%89tats-Unis)\">Parti r&eacute;publicain</a>, l\'Alaska est <a title=\"Gouverneur de l\'Alaska\" href=\"https://fr.wikipedia.org/wiki/Gouverneur_de_l%27Alaska\">gouvern&eacute;</a> depuis 2018 par <a title=\"Mike Dunleavy (homme politique)\" href=\"https://fr.wikipedia.org/wiki/Mike_Dunleavy_(homme_politique)\">Mike Dunleavy</a>.</p>'),
(37, 3, 'Jean Forteroche', '2020-03-25 19:00:00', 'Anchorage', '<p>Les Russes se sont &eacute;tablis dans le sud de l\'Alaska au d&eacute;but du <a title=\"XIXe si&egrave;cle\" href=\"https://fr.wikipedia.org/wiki/XIXe_si%C3%A8cle\"><abbr class=\"abbr\" title=\"19ᵉ si&egrave;cle\"><span class=\"romain\">XIX</span><sup style=\"font-size: 72%;\">e</sup></abbr>&nbsp;si&egrave;cle</a>. En 1867, le secr&eacute;taire d\'&Eacute;tat am&eacute;ricain <a title=\"William Henry Seward\" href=\"https://fr.wikipedia.org/wiki/William_Henry_Seward\">William Henry Seward</a> n&eacute;gocie l\'<a title=\"Achat de l\'Alaska\" href=\"https://fr.wikipedia.org/wiki/Achat_de_l%27Alaska\">achat de l\'Alaska</a> car la <a title=\"Empire russe\" href=\"https://fr.wikipedia.org/wiki/Empire_russe\">Russie imp&eacute;riale</a> avait une dette de 7,2&nbsp;millions de <a title=\"Dollar am&eacute;ricain\" href=\"https://fr.wikipedia.org/wiki/Dollar_am%C3%A9ricain\">dollars</a> (soit moins de deux <a title=\"Cent (monnaie)\" href=\"https://fr.wikipedia.org/wiki/Cent_(monnaie)\">cents</a> par <a title=\"Acre (unit&eacute;)\" href=\"https://fr.wikipedia.org/wiki/Acre_(unit%C3%A9)\">acre</a> ou encore 4,20&nbsp;dollars par <a title=\"Kilom&egrave;tre carr&eacute;\" href=\"https://fr.wikipedia.org/wiki/Kilom%C3%A8tre_carr%C3%A9\">kilom&egrave;tre carr&eacute;</a>). L\'op&eacute;ration fut critiqu&eacute;e par les politiques et nomm&eacute;e &laquo;&nbsp;la folie de Seward&nbsp;&raquo;, &laquo;&nbsp;la glaci&egrave;re de Seward&nbsp;&raquo; ou encore &laquo;&nbsp;Walrussia&nbsp;&raquo;. En 1888, de l\'<a title=\"Or\" href=\"https://fr.wikipedia.org/wiki/Or\">or</a> est d&eacute;couvert le long du Turnagain Arm, au fond du <a title=\"Golfe de Cook\" href=\"https://fr.wikipedia.org/wiki/Golfe_de_Cook\">golfe de Cook</a>. En 1912, l\'Alaska int&egrave;gre les &Eacute;tats-Unis en tant que <a title=\"Territoire de l\'Alaska\" href=\"https://fr.wikipedia.org/wiki/Territoire_de_l%27Alaska\">territoire</a><sup id=\"cite_ref-8\" class=\"reference\"><a href=\"https://fr.wikipedia.org/wiki/Anchorage#cite_note-8\">8</a></sup>.</p>\r\n<p>En 1914, le pr&eacute;sident <a title=\"Woodrow Wilson\" href=\"https://fr.wikipedia.org/wiki/Woodrow_Wilson\">Woodrow Wilson</a> autorise la construction du chemin de fer de l\'<em><a title=\"Alaska Railroad\" href=\"https://fr.wikipedia.org/wiki/Alaska_Railroad\">Alaska Railroad</a></em> et l\'&eacute;tablissement de la <a title=\"Chambre de commerce\" href=\"https://fr.wikipedia.org/wiki/Chambre_de_commerce\">chambre de commerce et d\'industrie</a>. Un village de tentes s\'&eacute;tablit alors &agrave; <em>Ship Creek Landing</em> pr&egrave;s de l\'embouchure de la rivi&egrave;re <a title=\"Ship Creek\" href=\"https://fr.wikipedia.org/wiki/Ship_Creek\">Ship Creek</a> et du site de la future gare, puisque <a title=\"Port d\'Anchorage\" href=\"https://fr.wikipedia.org/wiki/Port_d%27Anchorage\">ce port</a>, alors modeste, est choisi comme base de d&eacute;part et si&egrave;ge de la ligne de chemin de fer. Tr&egrave;s vite, la population atteint 2&nbsp;000&nbsp;habitants. &Agrave; partir du <time class=\"nowrap date-lien\" datetime=\"1915-07-09\" data-sort-value=\"1915-07-09\"><a title=\"9 juillet\" href=\"https://fr.wikipedia.org/wiki/9_juillet\">9</a> <a title=\"Juillet 1915\" href=\"https://fr.wikipedia.org/wiki/Juillet_1915\">juillet</a> <a title=\"1915\" href=\"https://fr.wikipedia.org/wiki/1915\">1915</a></time>, les premi&egrave;res maisons de ville sont vendues. Anchorage conna&icirc;t d\'abord plusieurs noms diff&eacute;rents mais l\'<a title=\"United States Postal Service\" href=\"https://fr.wikipedia.org/wiki/United_States_Postal_Service\">U.S. Post Office</a> d&eacute;cide d\'officialiser le nom actuel. Au d&eacute;but, la ville est plac&eacute;e sous l\'administration du gouvernement f&eacute;d&eacute;ral, mais les citoyens locaux font pression sur ce dernier pour transf&eacute;rer le pouvoir &agrave; une municipalit&eacute; qui est finalement institu&eacute;e le <time class=\"nowrap date-lien\" datetime=\"1920-11-23\" data-sort-value=\"1920-11-23\"><a title=\"23 novembre\" href=\"https://fr.wikipedia.org/wiki/23_novembre\">23</a> <a title=\"Novembre 1920\" href=\"https://fr.wikipedia.org/wiki/Novembre_1920\">novembre</a> <a title=\"1920\" href=\"https://fr.wikipedia.org/wiki/1920\">1920</a></time><sup id=\"cite_ref-History_9-0\" class=\"reference\"><a href=\"https://fr.wikipedia.org/wiki/Anchorage#cite_note-History-9\">9</a></sup>.</p>\r\n<p>Durant la <a title=\"Premi&egrave;re Guerre mondiale\" href=\"https://fr.wikipedia.org/wiki/Premi%C3%A8re_Guerre_mondiale\">Premi&egrave;re Guerre mondiale</a>, la population et l\'industrie d\'Anchorage ont p&eacute;riclit&eacute;. Cependant, la fin des travaux de construction de l\'Alaska Railroad en 1923 redonne un nouvel &eacute;lan &agrave; l\'expansion &eacute;conomique de la ville durant les <a title=\"Ann&eacute;es 1920\" href=\"https://fr.wikipedia.org/wiki/Ann%C3%A9es_1920\">ann&eacute;es 1920</a><sup id=\"cite_ref-History_9-1\" class=\"reference\"><a href=\"https://fr.wikipedia.org/wiki/Anchorage#cite_note-History-9\">9</a></sup>.</p>'),
(38, 2, 'Jean Forteroche', '2020-02-25 19:00:00', 'Juneau', '<p>Apr&egrave;s que de l\'<a title=\"Or\" href=\"https://fr.wikipedia.org/wiki/Or\">or</a> y est d&eacute;couvert, un camp de prospecteurs s\'y installe, et la ville est v&eacute;ritablement cr&eacute;&eacute;e en 1881, baptis&eacute;e en hommage au mineur canadien-fran&ccedil;ais <a title=\"Joe Juneau (chercheur d\'or)\" href=\"https://fr.wikipedia.org/wiki/Joe_Juneau_(chercheur_d%27or)\">Joseph Juneau</a>, originaire de Saint-Paul-l&rsquo;Ermite (<a title=\"Repentigny (Qu&eacute;bec)\" href=\"https://fr.wikipedia.org/wiki/Repentigny_(Qu%C3%A9bec)\">Repentigny</a>), pr&egrave;s de <a title=\"Montr&eacute;al\" href=\"https://fr.wikipedia.org/wiki/Montr%C3%A9al\">Montr&eacute;al</a>. Apr&egrave;s l\'&eacute;poque des chercheurs d\'or, de grandes mines souterraines sont creus&eacute;es au d&eacute;but du <a title=\"XXe si&egrave;cle\" href=\"https://fr.wikipedia.org/wiki/XXe_si%C3%A8cle\"><abbr class=\"abbr\" title=\"20ᵉ si&egrave;cle\"><span class=\"romain\">XX</span><sup style=\"font-size: 72%;\">e</sup></abbr>&nbsp;si&egrave;cle</a>, qui restent en exploitation jusqu\'&agrave; la <a title=\"Seconde Guerre mondiale\" href=\"https://fr.wikipedia.org/wiki/Seconde_Guerre_mondiale\">Seconde Guerre mondiale</a>. On peut encore en d&eacute;couvrir les vestiges &agrave; l&rsquo;<a title=\"&Icirc;le Douglas\" href=\"https://fr.wikipedia.org/wiki/%C3%8Ele_Douglas\">&icirc;le Douglas</a>, reli&eacute;e &agrave; Juneau par le <a title=\"Pont de Juneau-Douglas\" href=\"https://fr.wikipedia.org/wiki/Pont_de_Juneau-Douglas\">pont de Juneau-Douglas</a>.</p>\r\n<p>On peut trouver &agrave; Juneau le seul th&eacute;&acirc;tre professionnel de l&rsquo;&Eacute;tat, le <em><span class=\"lang-en\" lang=\"en\">Perseverance Theatre</span></em>. Juneau organise trois grands &eacute;v&eacute;nements culturels&nbsp;: le <em>Alaska Folk Festival</em> (annuel), le <em>Juneau Jazz &amp; Classics Music Festivals</em> et le <em>CrossSound Festival</em> pour la musique contemporaine et du monde. L\'orchestre local <em>Juneau Symphony</em> joue r&eacute;guli&egrave;rement en ville. Le centre-ville contient plusieurs galeries d\'art qui participent &agrave; l\'&eacute;v&eacute;nement mensuel <em>First Friday Gallery Walk</em>.</p>'),
(49, 4, 'Jean Forteroche', '2020-04-25 19:00:00', 'Les Etats-Unis d\'Amérique', '<p>Les <strong>&Eacute;tats-Unis</strong>, en forme longue les <strong>&Eacute;tats-Unis d\'Am&eacute;rique</strong> ou <strong>EUA</strong><sup id=\"cite_ref-4\" class=\"reference\"></sup> (en <a title=\"Anglais\" href=\"https://fr.wikipedia.org/wiki/Anglais\">anglais</a>&nbsp;:&nbsp;<span class=\"lang-en\" lang=\"en\"><em><strong>United States</strong></em></span> et <em><span class=\"lang-en\" lang=\"en\"><strong>United States of America</strong></span></em>, &eacute;galement connus sous les abr&eacute;viations <em><span class=\"lang-en\" lang=\"en\"><strong>US</strong></span></em> et <em><span class=\"lang-en\" lang=\"en\"><strong>USA</strong></span></em>), sont un <a title=\"Liste des &Eacute;tats transcontinentaux\" href=\"https://fr.wikipedia.org/wiki/Liste_des_%C3%89tats_transcontinentaux\">pays transcontinental</a> dont l\'essentiel du territoire se situe en <a title=\"Am&eacute;rique du Nord\" href=\"https://fr.wikipedia.org/wiki/Am%C3%A9rique_du_Nord\">Am&eacute;rique du Nord</a>. Les &Eacute;tats-Unis ont la structure politique d\'une <a title=\"R&eacute;publique constitutionnelle\" href=\"https://fr.wikipedia.org/wiki/R%C3%A9publique_constitutionnelle\">r&eacute;publique constitutionnelle</a> <a title=\"&Eacute;tat f&eacute;d&eacute;ral\" href=\"https://fr.wikipedia.org/wiki/%C3%89tat_f%C3%A9d%C3%A9ral\">f&eacute;d&eacute;rale</a> &agrave; <a title=\"R&eacute;gime pr&eacute;sidentiel\" href=\"https://fr.wikipedia.org/wiki/R%C3%A9gime_pr%C3%A9sidentiel\">r&eacute;gime pr&eacute;sidentiel</a> compos&eacute;e de <a title=\"&Eacute;tats des &Eacute;tats-Unis\" href=\"https://fr.wikipedia.org/wiki/%C3%89tats_des_%C3%89tats-Unis\">cinquante &Eacute;tats</a>, dont quarante-huit sont adjacents et forment le <em><a title=\"&Eacute;tats-Unis contigus\" href=\"https://fr.wikipedia.org/wiki/%C3%89tats-Unis_contigus\">Mainland</a></em>. Celui-ci est encadr&eacute; par l\'<a title=\"Oc&eacute;an Atlantique\" href=\"https://fr.wikipedia.org/wiki/Oc%C3%A9an_Atlantique\">oc&eacute;an Atlantique</a> &agrave; l\'est, le <a title=\"Golfe du Mexique\" href=\"https://fr.wikipedia.org/wiki/Golfe_du_Mexique\">golfe du Mexique</a> au sud-est et l\'<a title=\"Oc&eacute;an Pacifique\" href=\"https://fr.wikipedia.org/wiki/Oc%C3%A9an_Pacifique\">oc&eacute;an Pacifique</a> &agrave; l\'ouest, et se trouve bord&eacute; au nord par le <a title=\"Canada\" href=\"https://fr.wikipedia.org/wiki/Canada\">Canada</a> et au sud-ouest par le <a title=\"Mexique\" href=\"https://fr.wikipedia.org/wiki/Mexique\">Mexique</a>. Les deux &Eacute;tats non limitrophes sont l\'<a title=\"Alaska\" href=\"https://fr.wikipedia.org/wiki/Alaska\">Alaska</a>, situ&eacute; au nord-ouest du Canada, et <a title=\"Hawa&iuml;\" href=\"https://fr.wikipedia.org/wiki/Hawa%C3%AF\">Hawa&iuml;</a>, un <a title=\"Archipel\" href=\"https://fr.wikipedia.org/wiki/Archipel\">archipel</a> situ&eacute; au milieu de l\'oc&eacute;an Pacifique-nord. De plus, le pays comprend <a title=\"Territoires des &Eacute;tats-Unis\" href=\"https://fr.wikipedia.org/wiki/Territoires_des_%C3%89tats-Unis\">quatorze territoires insulaires</a> diss&eacute;min&eacute;s dans la <a title=\"Mer des Cara&iuml;bes\" href=\"https://fr.wikipedia.org/wiki/Mer_des_Cara%C3%AFbes\">mer des Cara&iuml;bes</a> et le Pacifique. La <a title=\"G&eacute;ographie des &Eacute;tats-Unis\" href=\"https://fr.wikipedia.org/wiki/G%C3%A9ographie_des_%C3%89tats-Unis\">g&eacute;ographie</a> et le <a title=\"Climat des &Eacute;tats-Unis\" href=\"https://fr.wikipedia.org/wiki/Climat_des_%C3%89tats-Unis\">climat</a> du pays sont extr&ecirc;mement diversifi&eacute;s, abritant une grande vari&eacute;t&eacute; de <a title=\"Faune (biologie)\" href=\"https://fr.wikipedia.org/wiki/Faune_(biologie)\">faune</a> et de <a title=\"Flore\" href=\"https://fr.wikipedia.org/wiki/Flore\">flore</a>, faisant des &Eacute;tats-Unis l\'un des 17&nbsp;<abbr class=\"abbr\" title=\"pays m&eacute;gadivers\"><a title=\"Pays m&eacute;gadivers\" href=\"https://fr.wikipedia.org/wiki/Pays_m%C3%A9gadivers\">pays m&eacute;gadivers</a></abbr> de la plan&egrave;te<sup id=\"cite_ref-australianGop_5-0\" class=\"reference\"><a href=\"https://fr.wikipedia.org/wiki/%C3%89tats-Unis#cite_note-australianGop-5\">4</a></sup>.</p>\r\n<p>La <a title=\"Capitale\" href=\"https://fr.wikipedia.org/wiki/Capitale\">capitale f&eacute;d&eacute;rale</a>, <a title=\"Washington (district de Columbia)\" href=\"https://fr.wikipedia.org/wiki/Washington_(district_de_Columbia)\">Washington</a>, est situ&eacute;e dans le <a title=\"Washington (district de Columbia)\" href=\"https://fr.wikipedia.org/wiki/Washington_(district_de_Columbia)\">district de Columbia</a>, une zone situ&eacute;e hors des cinquante &Eacute;tats. La monnaie est le <a title=\"Dollar am&eacute;ricain\" href=\"https://fr.wikipedia.org/wiki/Dollar_am%C3%A9ricain\">dollar am&eacute;ricain</a>. Le <a title=\"Drapeau des &Eacute;tats-Unis\" href=\"https://fr.wikipedia.org/wiki/Drapeau_des_%C3%89tats-Unis\">drapeau</a> se compose de treize bandes rouges et blanches ainsi que cinquante &eacute;toiles repr&eacute;sentant les cinquante &Eacute;tats f&eacute;d&eacute;r&eacute;s de l\'union. L\'<a title=\"Hymne national\" href=\"https://fr.wikipedia.org/wiki/Hymne_national\">hymne national</a> s\'intitule <em><span class=\"lang-en\" lang=\"en\"><a title=\"The Star-Spangled Banner\" href=\"https://fr.wikipedia.org/wiki/The_Star-Spangled_Banner\">The Star-Spangled Banner</a></span></em> (<em>La Banni&egrave;re &eacute;toil&eacute;e</em>). Il n\'y a pas de langue officielle aux &Eacute;tats-Unis, bien que la langue nationale <em>de facto</em> soit l\'<a title=\"Anglais am&eacute;ricain\" href=\"https://fr.wikipedia.org/wiki/Anglais_am%C3%A9ricain\">anglais am&eacute;ricain</a>.</p>\r\n<p>Avant d\'&ecirc;tre explor&eacute; et conquis par les <a title=\"Europ&eacute;ens\" href=\"https://fr.wikipedia.org/wiki/Europ%C3%A9ens\">Europ&eacute;ens</a>, le territoire am&eacute;ricain est d\'abord occup&eacute; par les <a title=\"Am&eacute;rindiens aux &Eacute;tats-Unis\" href=\"https://fr.wikipedia.org/wiki/Am%C3%A9rindiens_aux_%C3%89tats-Unis\">Am&eacute;rindiens</a> qui <a title=\"Premier peuplement de l\'Am&eacute;rique\" href=\"https://fr.wikipedia.org/wiki/Premier_peuplement_de_l%27Am%C3%A9rique\">migrent</a> depuis l\'<a title=\"Eurasie\" href=\"https://fr.wikipedia.org/wiki/Eurasie\">Eurasie</a> il y a environ 15&nbsp;000&nbsp;ans<sup id=\"cite_ref-plumet_6-0\" class=\"reference\"><a href=\"https://fr.wikipedia.org/wiki/%C3%89tats-Unis#cite_note-plumet-6\">5</a></sup>. La <a title=\"Colonisation europ&eacute;enne des Am&eacute;riques\" href=\"https://fr.wikipedia.org/wiki/Colonisation_europ%C3%A9enne_des_Am%C3%A9riques\">colonisation europ&eacute;enne</a> d&eacute;bute au <abbr class=\"abbr\" title=\"16ᵉ si&egrave;cle\"><span class=\"romain\">XVI</span><sup style=\"font-size: 72%;\">e</sup></abbr>&nbsp;si&egrave;cle. Le 14 mai 1607, la <a title=\"Colonie\" href=\"https://fr.wikipedia.org/wiki/Colonie\">colonie</a> <a title=\"Royaume d\'Angleterre\" href=\"https://fr.wikipedia.org/wiki/Royaume_d%27Angleterre\">anglaise</a> de <a title=\"Colonie de Virginie\" href=\"https://fr.wikipedia.org/wiki/Colonie_de_Virginie\">Virginie</a> est fond&eacute;e&nbsp;; par la suite, douze autres colonies britanniques sont fond&eacute;es le long de la <a title=\"C&ocirc;te est des &Eacute;tats-Unis\" href=\"https://fr.wikipedia.org/wiki/C%C3%B4te_est_des_%C3%89tats-Unis\">c&ocirc;te Atlantique</a>, tandis que d\'autres puissances europ&eacute;ennes explorent le reste du territoire am&eacute;ricain. Une <a title=\"R&eacute;volution am&eacute;ricaine\" href=\"https://fr.wikipedia.org/wiki/R%C3%A9volution_am%C3%A9ricaine\">s&eacute;rie de conflits</a> entre les <a class=\"mw-redirect\" title=\"Treize colonies\" href=\"https://fr.wikipedia.org/wiki/Treize_colonies\">Treize colonies</a> et la <a title=\"Grande-Bretagne (royaume)\" href=\"https://fr.wikipedia.org/wiki/Grande-Bretagne_(royaume)\">Grande-Bretagne</a> m&egrave;nent &agrave; la <a title=\"Guerre d\'ind&eacute;pendance des &Eacute;tats-Unis\" href=\"https://fr.wikipedia.org/wiki/Guerre_d%27ind%C3%A9pendance_des_%C3%89tats-Unis\">guerre d\'ind&eacute;pendance</a> en 1775. La <a title=\"D&eacute;claration d\'ind&eacute;pendance des &Eacute;tats-Unis\" href=\"https://fr.wikipedia.org/wiki/D%C3%A9claration_d%27ind%C3%A9pendance_des_%C3%89tats-Unis\">d&eacute;claration d\'ind&eacute;pendance</a> est proclam&eacute;e le <time class=\"nowrap\" datetime=\"1776-07-04\" data-sort-value=\"1776-07-04\">4 juillet 1776</time>, dans laquelle les treize colonies se f&eacute;d&egrave;rent pour former les &Eacute;tats-Unis d\'Am&eacute;rique, la premi&egrave;re nation d&eacute;colonis&eacute;e du monde<sup id=\"cite_ref-7\" class=\"reference\"><a href=\"https://fr.wikipedia.org/wiki/%C3%89tats-Unis#cite_note-7\">6</a></sup><sup class=\"reference cite_virgule\">,</sup><sup id=\"cite_ref-8\" class=\"reference\"><a href=\"https://fr.wikipedia.org/wiki/%C3%89tats-Unis#cite_note-8\">7</a></sup>, reconnue par la <a title=\"Grande-Bretagne (royaume)\" href=\"https://fr.wikipedia.org/wiki/Grande-Bretagne_(royaume)\">Grande-Bretagne</a> &agrave; la fin de la guerre en 1783. L\'histoire contemporaine des &Eacute;tats-Unis est marqu&eacute;e par la rivalit&eacute; entre <a title=\"New York\" href=\"https://fr.wikipedia.org/wiki/New_York\">New York</a> et <a title=\"Philadelphie\" href=\"https://fr.wikipedia.org/wiki/Philadelphie\">Philadelphie</a>, puis par la <a title=\"Conqu&ecirc;te de l\'Ouest\" href=\"https://fr.wikipedia.org/wiki/Conqu%C3%AAte_de_l%27Ouest\">conqu&ecirc;te de l\'Ouest</a> et la <a title=\"Guerre de S&eacute;cession\" href=\"https://fr.wikipedia.org/wiki/Guerre_de_S%C3%A9cession\">guerre de S&eacute;cession</a>. Au d&eacute;but du <abbr class=\"abbr\" title=\"20ᵉ si&egrave;cle\"><span class=\"romain\">XX</span><sup style=\"font-size: 72%;\">e</sup></abbr>&nbsp;si&egrave;cle, le pays devient une puissance industrielle qui a les moyens d\'intervenir &agrave; l\'ext&eacute;rieur de ses fronti&egrave;res. Il participe &agrave; la <a title=\"Premi&egrave;re Guerre mondiale\" href=\"https://fr.wikipedia.org/wiki/Premi%C3%A8re_Guerre_mondiale\">Premi&egrave;re Guerre mondiale</a> et subit la <a title=\"Grande D&eacute;pression\" href=\"https://fr.wikipedia.org/wiki/Grande_D%C3%A9pression\">Grande D&eacute;pression</a> dans les ann&eacute;es 1930. Vainqueurs de la <a title=\"Seconde Guerre mondiale\" href=\"https://fr.wikipedia.org/wiki/Seconde_Guerre_mondiale\">Seconde Guerre mondiale</a> aux c&ocirc;t&eacute;s des <a title=\"Alli&eacute;s de la Seconde Guerre mondiale\" href=\"https://fr.wikipedia.org/wiki/Alli%C3%A9s_de_la_Seconde_Guerre_mondiale\">Alli&eacute;s</a>, les &Eacute;tats-Unis deviennent une <a title=\"Superpuissance\" href=\"https://fr.wikipedia.org/wiki/Superpuissance\">superpuissance</a> mondiale et sont confront&eacute;s &agrave; l\'<a title=\"Union des r&eacute;publiques socialistes sovi&eacute;tiques\" href=\"https://fr.wikipedia.org/wiki/Union_des_r%C3%A9publiques_socialistes_sovi%C3%A9tiques\">URSS</a> pendant la <a title=\"Guerre froide\" href=\"https://fr.wikipedia.org/wiki/Guerre_froide\">guerre froide</a>.</p>\r\n<p>En 2019, les &Eacute;tats-Unis comptent environ 328&nbsp;millions d\'habitants<sup id=\"cite_ref-QuickFacts2_2-1\" class=\"reference\"><a href=\"https://fr.wikipedia.org/wiki/%C3%89tats-Unis#cite_note-QuickFacts2-2\">2</a></sup> et constituent le <a title=\"Liste des pays par population\" href=\"https://fr.wikipedia.org/wiki/Liste_des_pays_par_population\">troisi&egrave;me pays</a> du monde en termes de population apr&egrave;s la <a title=\"Chine\" href=\"https://fr.wikipedia.org/wiki/Chine\">Chine</a> et l\'<a title=\"Inde\" href=\"https://fr.wikipedia.org/wiki/Inde\">Inde</a><sup id=\"cite_ref-9\" class=\"reference\"><a href=\"https://fr.wikipedia.org/wiki/%C3%89tats-Unis#cite_note-9\">N 2</a></sup>. Le pays s\'&eacute;tend sur 9,6&nbsp;<abbr class=\"abbr\" title=\"millions de km carr&eacute;\">millions de km<sup>2</sup></abbr>, ce qui en fait, selon les crit&egrave;res, le <a title=\"Liste des pays et territoires par superficie\" href=\"https://fr.wikipedia.org/wiki/Liste_des_pays_et_territoires_par_superficie\">troisi&egrave;me ou quatri&egrave;me pays</a> du monde en superficie apr&egrave;s la <a title=\"Russie\" href=\"https://fr.wikipedia.org/wiki/Russie\">Russie</a>, le <a title=\"Canada\" href=\"https://fr.wikipedia.org/wiki/Canada\">Canada</a> et la <a title=\"Chine\" href=\"https://fr.wikipedia.org/wiki/Chine\">Chine</a><sup id=\"cite_ref-10\" class=\"reference\"><a href=\"https://fr.wikipedia.org/wiki/%C3%89tats-Unis#cite_note-10\">N 3</a></sup>. La population am&eacute;ricaine augmente gr&acirc;ce &agrave; un <a title=\"Variation naturelle\" href=\"https://fr.wikipedia.org/wiki/Variation_naturelle\">solde naturel</a> et un <a title=\"Solde migratoire\" href=\"https://fr.wikipedia.org/wiki/Solde_migratoire\">solde migratoire</a> positifs. Elle est marqu&eacute;e par une grande diversit&eacute; ethnique en raison d\'une <a title=\"Immigration aux &Eacute;tats-Unis\" href=\"https://fr.wikipedia.org/wiki/Immigration_aux_%C3%89tats-Unis\">immigration ancienne et diversifi&eacute;e</a>. L\'<a title=\"&Eacute;conomie des &Eacute;tats-Unis\" href=\"https://fr.wikipedia.org/wiki/%C3%89conomie_des_%C3%89tats-Unis\">&eacute;conomie nationale</a> de type <a title=\"Capitalisme\" href=\"https://fr.wikipedia.org/wiki/Capitalisme\">capitaliste</a> est la plus importante au monde avec le <a title=\"Produit int&eacute;rieur brut\" href=\"https://fr.wikipedia.org/wiki/Produit_int%C3%A9rieur_brut\">PIB</a> le plus &eacute;lev&eacute; en 2015<sup id=\"cite_ref-imf_11-0\" class=\"reference\"><a href=\"https://fr.wikipedia.org/wiki/%C3%89tats-Unis#cite_note-imf-11\">8</a></sup><sup class=\"reference cite_virgule\">,</sup><sup id=\"cite_ref-IMF_GDP_12-0\" class=\"reference\"><a href=\"https://fr.wikipedia.org/wiki/%C3%89tats-Unis#cite_note-IMF_GDP-12\">9</a></sup>, et est aliment&eacute;e par une productivit&eacute; du travail &eacute;lev&eacute;e<sup id=\"cite_ref-13\" class=\"reference\"><a href=\"https://fr.wikipedia.org/wiki/%C3%89tats-Unis#cite_note-13\">10</a></sup>. Les secteurs qui refl&egrave;tent la puissance am&eacute;ricaine sont l\'<a title=\"Agriculture aux &Eacute;tats-Unis\" href=\"https://fr.wikipedia.org/wiki/Agriculture_aux_%C3%89tats-Unis\">agriculture</a>, les <a title=\"Industrie aux &Eacute;tats-Unis\" href=\"https://fr.wikipedia.org/wiki/Industrie_aux_%C3%89tats-Unis\">industries de pointe</a> et les <a title=\"Secteur tertiaire\" href=\"https://fr.wikipedia.org/wiki/Secteur_tertiaire\">services</a>. L\'&eacute;conomie am&eacute;ricaine est aussi l\'une des plus grandes manufacturi&egrave;res du monde<sup id=\"cite_ref-14\" class=\"reference\"><a href=\"https://fr.wikipedia.org/wiki/%C3%89tats-Unis#cite_note-14\">11</a></sup>. Le pays compte 37&nbsp;% de la <a title=\"Budgets de la d&eacute;fense dans le monde\" href=\"https://fr.wikipedia.org/wiki/Budgets_de_la_d%C3%A9fense_dans_le_monde\">d&eacute;pense militaire mondiale</a><sup id=\"cite_ref-15\" class=\"reference\"><a href=\"https://fr.wikipedia.org/wiki/%C3%89tats-Unis#cite_note-15\">12</a></sup>, et est une pro&eacute;minente force politique et culturelle et un leader mondial dans la <a title=\"Recherche scientifique\" href=\"https://fr.wikipedia.org/wiki/Recherche_scientifique\">recherche scientifique</a> et l\'<a title=\"Techniques de pointe\" href=\"https://fr.wikipedia.org/wiki/Techniques_de_pointe\">innovation technologique</a><sup id=\"cite_ref-16\" class=\"reference\"><a href=\"https://fr.wikipedia.org/wiki/%C3%89tats-Unis#cite_note-16\">13</a></sup><sup class=\"reference cite_virgule\">,</sup><sup id=\"cite_ref-17\" class=\"reference\"><a href=\"https://fr.wikipedia.org/wiki/%C3%89tats-Unis#cite_note-17\">14</a></sup><sup class=\"reference cite_virgule\">,</sup><sup id=\"cite_ref-18\" class=\"reference\"><a href=\"https://fr.wikipedia.org/wiki/%C3%89tats-Unis#cite_note-18\">15</a></sup><sup class=\"reference cite_virgule\">,</sup><sup id=\"cite_ref-19\" class=\"reference\"><a href=\"https://fr.wikipedia.org/wiki/%C3%89tats-Unis#cite_note-19\">16</a></sup><sup class=\"reference cite_virgule\">,</sup><sup id=\"cite_ref-20\" class=\"reference\"><a href=\"https://fr.wikipedia.org/wiki/%C3%89tats-Unis#cite_note-20\">17</a></sup>. Les &Eacute;tats-Unis sont membres de l\'<a title=\"Organisation du trait&eacute; de l\'Atlantique nord\" href=\"https://fr.wikipedia.org/wiki/Organisation_du_trait%C3%A9_de_l%27Atlantique_nord\">Organisation du trait&eacute; de l\'Atlantique nord</a> (OTAN), de la <a title=\"Coop&eacute;ration &eacute;conomique pour l\'Asie-Pacifique\" href=\"https://fr.wikipedia.org/wiki/Coop%C3%A9ration_%C3%A9conomique_pour_l%27Asie-Pacifique\">Coop&eacute;ration &eacute;conomique pour l\'Asie-Pacifique</a> (APEC), de l\'<a title=\"Accord de libre-&eacute;change nord-am&eacute;ricain\" href=\"https://fr.wikipedia.org/wiki/Accord_de_libre-%C3%A9change_nord-am%C3%A9ricain\">Accord de libre-&eacute;change nord-am&eacute;ricain</a> (ALENA), de l\'<a title=\"Organisation des &Eacute;tats am&eacute;ricains\" href=\"https://fr.wikipedia.org/wiki/Organisation_des_%C3%89tats_am%C3%A9ricains\">Organisation des &Eacute;tats am&eacute;ricains</a> (OEA), de l\'<a title=\"ANZUS\" href=\"https://fr.wikipedia.org/wiki/ANZUS\">ANZUS</a>, de l\'<a title=\"Organisation de coop&eacute;ration et de d&eacute;veloppement &eacute;conomiques\" href=\"https://fr.wikipedia.org/wiki/Organisation_de_coop%C3%A9ration_et_de_d%C3%A9veloppement_%C3%A9conomiques\">Organisation de coop&eacute;ration et de d&eacute;veloppement &eacute;conomiques</a> (OCDE), du <a title=\"Groupe des sept (&eacute;conomie)\" href=\"https://fr.wikipedia.org/wiki/Groupe_des_sept_(%C3%A9conomie)\">G7</a>, du <a title=\"Groupe des vingt\" href=\"https://fr.wikipedia.org/wiki/Groupe_des_vingt\">G20</a>, et membres permanents du <a title=\"Conseil de s&eacute;curit&eacute; des Nations unies\" href=\"https://fr.wikipedia.org/wiki/Conseil_de_s%C3%A9curit%C3%A9_des_Nations_unies\">Conseil de s&eacute;curit&eacute; des Nations unies</a>. Ils sont une <a title=\"Arsenal nucl&eacute;aire des &Eacute;tats-Unis\" href=\"https://fr.wikipedia.org/wiki/Arsenal_nucl%C3%A9aire_des_%C3%89tats-Unis\">puissance nucl&eacute;aire</a> depuis 1945.</p>'),
(50, 5, 'Jean Forteroche', '2020-05-25 19:00:00', 'Le cinquième élément', '<p>Badaboum, elle est tomb&eacute;e sur le taxi, perforant le toit du v&eacute;hicule. Fin.</p>');

-- --------------------------------------------------------

--
-- Structure de la table `users`
--

DROP TABLE IF EXISTS `users`;
CREATE TABLE IF NOT EXISTS `users` (
  `user_id` int(11) NOT NULL AUTO_INCREMENT,
  `user_pseudo` varchar(20) COLLATE utf8_bin NOT NULL,
  `user_status` varchar(6) COLLATE utf8_bin NOT NULL DEFAULT 'reader',
  `user_password` varchar(255) COLLATE utf8_bin NOT NULL,
  `user_email` varchar(30) COLLATE utf8_bin NOT NULL,
  `user_registration_date` datetime NOT NULL DEFAULT CURRENT_TIMESTAMP,
  `user_is_checked` tinyint(1) NOT NULL DEFAULT '0',
  `user_get_newsletter` tinyint(1) NOT NULL DEFAULT '0',
  PRIMARY KEY (`user_id`)
) ENGINE=InnoDB AUTO_INCREMENT=33 DEFAULT CHARSET=utf8 COLLATE=utf8_bin;

--
-- Déchargement des données de la table `users`
--

INSERT INTO `users` (`user_id`, `user_pseudo`, `user_status`, `user_password`, `user_email`, `user_registration_date`, `user_is_checked`, `user_get_newsletter`) VALUES
(4, 'Jean Forteroche', 'writer', '$2y$10$wf5CY0R74rfh51S2ZtlWXuDBE1hrDhweXRn5PZMxwmktaLTAzUvB.', 'jean@wanadoo.fr', '2020-04-11 23:31:46', 1, 0),
(6, 'Gabrielle', 'reader', '$2y$10$Uwhe2Ib6vjNz4u4VPuDxruk.n14M4Ic08oKXBR0PVzEygxHlZuNPm', 'nala.pilou@chats.com', '2020-04-16 20:09:16', 1, 0),
(7, 'Pilou', 'reader', '$2y$10$1Ufewt9YDrXM3ogqp0NGQO0sz12iD5DLjRRyBTL0QV6tdtGmUvF76', 'pilou@chats.com', '2020-04-16 20:15:15', 1, 0),
(8, 'Nala', 'reader', '$2y$10$WrTXDXCEND/NlW2tm1wR1.6UCdiv2PWg79FXyiyfMJgpjMlMxJGre', 'nala@nala.com', '2020-04-16 20:16:29', 1, 1),
(10, 'David Bowie', 'reader', '$2y$10$KsAurf8k7dGymbUgxKR6W.5C0VqhVjTjixK/NJmn3trxZ8wOPW7Uu', 'david.bowie@gmail.com', '2020-04-20 14:34:07', 1, 0),
(11, 'Adrien', 'reader', '$2y$10$k.qPs9GfPNnBnAZhAMEZUekPGGZLv5cyMieGMbn4buYMGrFCEMe0i', 'adrien@gmail.com', '2020-04-20 14:48:54', 1, 0),
(27, 'Zazie', 'reader', '$2y$10$irey5V.2Zwlj.NQ.uQf1Iuc/yS1gM8lP7dfspGaumNlfHpufiH2WS', 'zazie@zazie.com', '2020-05-01 16:57:44', 0, 0),
(28, 'Zaz', 'reader', '$2y$10$qZecjQBs4zN1qVNVdCPRu.lKAKSl8A947wslCoCuznqPe.Wh2MCMm', 'zaz@zaz.com', '2020-05-01 17:00:47', 0, 1),
(30, 'Zazie', 'reader', '$2y$10$gAFf5agyZnS.Pxl5TfC.yesSULLzi1jYXK5GpVYRjeVMxACU.xxuu', 'null', '2020-05-01 18:51:18', 0, 1),
(31, 'Boumboum59', 'reader', '$2y$10$t.ZnbX9Lcew1iESZO.g96OrK5686ZQjyj0OcSpgVE0PyGvj5cqS0G', 'boumboum@boumboum.com', '2020-05-02 11:32:18', 0, 0),
(32, 'Jartuip', 'reader', '$2y$10$xR2myF9CC2tTbqAfFSQW7.g2DFzoxqz.I1ynQ1CGCJkdxnRiDU6pa', 'jarjar@rtyu.com', '2020-05-02 13:02:25', 0, 1);

--
-- Contraintes pour les tables déchargées
--

--
-- Contraintes pour la table `comments`
--
ALTER TABLE `comments`
  ADD CONSTRAINT `comments_ibfk_1` FOREIGN KEY (`episode_id`) REFERENCES `episodes` (`episode_id`) ON DELETE CASCADE ON UPDATE CASCADE;
COMMIT;

/*!40101 SET CHARACTER_SET_CLIENT=@OLD_CHARACTER_SET_CLIENT */;
/*!40101 SET CHARACTER_SET_RESULTS=@OLD_CHARACTER_SET_RESULTS */;
/*!40101 SET COLLATION_CONNECTION=@OLD_COLLATION_CONNECTION */;
